{"cameraMode":{"drawMode":0,"name":"Shaded","section":"Shading Mode"},"sceneLighting":false,"audioPlay":false,"sceneViewState":{"m_AlwaysRefresh":false,"showFog":true,"showSkybox":false,"showFlares":true,"showImageEffects":true,"showParticleSystems":true,"showVisualEffectGraphs":true,"m_FxEnabled":true},"in2DMode":false,"pivot":{"x":0.04131259024143219,"y":0.04578244686126709,"z":-0.09092628210783005},"rotation":{"x":0.28507959842681887,"y":0.3447302579879761,"z":-0.11073845624923706,"w":0.8874939680099487},"size":0.36350017786026,"orthographic":false}