{"cameraMode":{"drawMode":0,"name":"Shaded","section":"Shading Mode"},"sceneLighting":false,"audioPlay":false,"sceneViewState":{"m_AlwaysRefresh":false,"showFog":true,"showSkybox":false,"showFlares":true,"showImageEffects":true,"showParticleSystems":true,"showVisualEffectGraphs":true,"m_FxEnabled":true},"in2DMode":false,"pivot":{"x":0.0059869252145290379,"y":0.027350004762411119,"z":0.00292881578207016},"rotation":{"x":0.09809788316488266,"y":0.2768196165561676,"z":-0.028421439230442048,"w":0.9554876685142517},"size":0.06350016593933106,"orthographic":false}