{"cameraMode":{"drawMode":0,"name":"Shaded","section":"Shading Mode"},"sceneLighting":false,"audioPlay":false,"sceneViewState":{"m_AlwaysRefresh":false,"showFog":true,"showSkybox":false,"showFlares":true,"showImageEffects":true,"showParticleSystems":true,"showVisualEffectGraphs":true,"m_FxEnabled":true},"in2DMode":false,"pivot":{"x":0.05537605285644531,"y":-0.06722709536552429,"z":0.03133964538574219},"rotation":{"x":0.09888842701911926,"y":-0.8885273337364197,"z":0.22764292359352113,"w":0.38595905900001528},"size":0.4330127239227295,"orthographic":false}