{"cameraMode":{"drawMode":0,"name":"Shaded","section":"Shading Mode"},"sceneLighting":false,"audioPlay":false,"sceneViewState":{"m_AlwaysRefresh":false,"showFog":true,"showSkybox":false,"showFlares":true,"showImageEffects":true,"showParticleSystems":true,"showVisualEffectGraphs":true,"m_FxEnabled":true},"in2DMode":false,"pivot":{"x":0.0008912268094718456,"y":0.022513682022690774,"z":-0.0029622092843055727},"rotation":{"x":0.0029692489188164474,"y":-0.9969269037246704,"z":0.063198983669281,"w":0.046680230647325519},"size":0.06350016593933106,"orthographic":false}