{"cameraMode":{"drawMode":0,"name":"Shaded","section":"Shading Mode"},"sceneLighting":false,"audioPlay":false,"sceneViewState":{"m_AlwaysRefresh":false,"showFog":true,"showSkybox":false,"showFlares":true,"showImageEffects":true,"showParticleSystems":true,"showVisualEffectGraphs":true,"m_FxEnabled":true},"in2DMode":false,"pivot":{"x":-0.26214849948883059,"y":0.10064691305160523,"z":-0.24478018283843995},"rotation":{"x":-0.09726797044277191,"y":-0.8742214441299439,"z":0.1962403655052185,"w":-0.433361679315567},"size":0.9588391184806824,"orthographic":false}