{"cameraMode":{"drawMode":0,"name":"Shaded","section":"Shading Mode"},"sceneLighting":false,"audioPlay":false,"sceneViewState":{"m_AlwaysRefresh":false,"showFog":true,"showSkybox":false,"showFlares":true,"showImageEffects":true,"showParticleSystems":true,"showVisualEffectGraphs":true,"m_FxEnabled":true},"in2DMode":false,"pivot":{"x":0.05030090734362602,"y":-0.02134712040424347,"z":-0.03705718368291855},"rotation":{"x":0.09809788316488266,"y":0.2768196165561676,"z":-0.028421439230442048,"w":0.9554876685142517},"size":0.3521037697792053,"orthographic":false}