{"cameraMode":{"drawMode":0,"name":"Shaded","section":"Shading Mode"},"sceneLighting":false,"audioPlay":false,"sceneViewState":{"m_AlwaysRefresh":false,"showFog":true,"showSkybox":false,"showFlares":true,"showImageEffects":true,"showParticleSystems":true,"showVisualEffectGraphs":true,"m_FxEnabled":true},"in2DMode":false,"pivot":{"x":-0.009499996900558472,"y":-0.0011095553636550904,"z":-0.017706066370010377},"rotation":{"x":0.10160946100950241,"y":0.8838101625442505,"z":-0.2264363318681717,"w":0.3965963125228882},"size":0.09672819077968598,"orthographic":false}